Piimpofdeath,Draconian Belt,2024-09-28,0
Patlolx,Primeval Belt,2024-09-28,0
Onimass,Flashrend,2024-09-28,0
Hunchard,Arcane Infused Gem,2024-09-28,0
Drundra,Depleted Scythe of Chaos,2024-09-28,0
Davidfang,Draconian Gloves,2024-09-28,0
Lovablw,Draconian Gloves,2024-09-28,0
Ashworthh,Shapeshifter's Sigil,2024-09-28,0
Drundra,Band of Dark Dominion,2024-09-28,0
Graysmane,Shimmering Golden Disk,2024-09-28,0
Vsanguinar,Primeval Leggings,2024-09-28,0
Ateri,Blood of the Lightbringer,2024-09-28,0
Drundra,Bracers of Arcane Accuracy,2024-09-28,0
Dawuid,Primeval Boots,2024-09-28,0
Sukiyakidon,Draconian Boots,2024-09-28,0
Lawyercao,Spineshatter,2024-10-05,0
Ateri,Ancient Gloves,2024-10-05,0
Sylvanes,Ancient Gloves,2024-10-05,0
Jetermesdan,Helm of Endless Rage,2024-10-05,0
Xzéizéi,Primeval Leggings,2024-10-05,0
Jetermesdan,Blood of the Lightbringer,2024-10-05,0
Measurezero,Draconian Boots,2024-10-05,0
Gaab,Heartstriker,2024-10-05,0
Measurezero,Pattern: Felcloth Shoulders,2024-10-05,1
Kirs,Scrolls of Blinding Light,2024-10-05,0
Sukiyakidon,Essence Gatherer,2024-10-05,0
Davidfang,Draconian Leggings,2024-10-05,0
Ashworthh,Primeval Helm,2024-10-05,0
Gady,Primeval Helm,2024-10-05,0
Ateri,Shroud of Pure Thought,2024-10-05,0
Xzéizéi,Cloak of Draconic Might,2024-10-05,0
Fatesbell,Tarnished Bronze Scale,2024-10-05,0
Bilina,Ancient Shoulderpads,2024-10-05,0
Healingclaw,Primeval Shoulderpads,2024-10-05,0
Vsanguinar,Chromatically Tempered Sword,2024-10-05,0
Dawuid,Primeval Gloves,2024-10-05,0
Lawyercao,Ancient Gloves,2024-10-05,0
Graysmane,Primeval Chest,2024-10-05,0
Djken,Primeval Belt,2024-10-05,0
Fatesbell,Draconian Bindings,2024-10-05,0
Gaab,Dragonfang Blade,2024-10-05,0
Sylvanes,Heartstriker,2024-10-05,0
Fatesbell,Lok'amir il Romathis,2024-10-05,0
Vsanguinar,Primeval Gloves,2024-10-05,0
Gaab,Ancient Leggings,2024-10-05,0
Healingclaw,Primeval Chest,2024-10-05,0
Mengniuss,Draconian Robe,2024-10-05,0
Jetermesdan,Ancient Bindings,2024-10-05,0
Vsanguinar,Prestor's Talisman of Connivery,2024-10-05,0
Davidfang,Neltharion's Tear,2024-10-05,0
Djken,Blue Sack of Gems,2024-10-05,0
Mengniuss,Depleted Scythe of Chaos,2024-10-12,0
Bilina,Gloves of Rapid Evolution,2024-10-12,0
Sylvanes,Ancient Gloves,2024-10-12,0
Sukiyakidon,Draconian Gloves,2024-10-12,0
Bilina,Adventurer's Legguards of Power,2024-10-12,0
Ckay,Draconian Boots,2024-10-12,0
Tandy,Blood of the Lightbringer,2024-10-12,0
Ashworthh,Primeval Boots,2024-10-12,0
Lawyercao,"Maladath, Runed Blade of the Black Flight",2024-10-12,0
Healingclaw,Primeval Leggings,2024-10-12,0
Xzéizéi,Dragonfang Blade,2024-10-12,0
Sukiyakidon,Boots of Pure Thought,2024-10-12,0
Ckay,Shimmering Golden Disk,2024-10-12,0
Sukiyakidon,Draconian Leggings,2024-10-12,0
Ashworthh,Draconic Maul,2024-10-12,0
Davidfang,Firemaw's Clutch,2024-10-12,0
Sukiyakidon,Pattern: Mooncloth Shoulders,2024-10-12,0
Vsanguinar,Mighty Helmet of the Whale,2024-10-12,0
Fatesbell,Dragon's Touch,2024-10-12,0
Nanica,Shadow Wing Focus Staff,2024-10-12,0
Fatesbell,Band of Forced Concentration,2024-10-12,0
Sylvanes,Ancient Helm,2024-10-12,0
Davidfang,Draconian Hood,2024-10-12,0
Tandy,Ancient Shoulderpads,2024-10-12,0
Duckyc,Ancient Shoulderpads,2024-10-12,0
Sukiyakidon,Tarnished Bronze Scale,2024-10-12,0
Sylvanes,"Ashjre'thul, Crossbow of Smiting",2024-10-12,0
Davidfang,Angelista's Grasp,2024-10-12,0
Gady,Head of Nefarian,2024-10-12,0
Ateri,Ancient Chest,2024-10-12,0
Measurezero,Draconian Robe,2024-10-12,0
Fatesbell,Draconian Leggings,2024-10-12,0
Nanica,Neltharion's Tear,2024-10-12,0
Gaab,"Crul'shorukh, Edge of Chaos",2024-10-12,0
Sukiyakidon,Blue Sack of Gems,2024-10-12,0
Dawuid,Deepfury Bracers,2024-10-12,0
Tandy,Orb of Deception,2024-10-12,0
Sukiyakidon,Master's Hat of the Eagle,2024-10-12,0
Duckyc,Divine Warblade of Strength,2024-10-12,0
Ateri,Ancient Shoulderpads,2024-10-12,0
Lawyercao,Ancient Belt,2024-10-12,0
Gaab,Ancient Gloves,2024-10-12,0
Roguesling,Scorched Core Boots,2024-10-12,0
Bonefrancois,Onyxia Hide Backpack,2024-10-12,0
Rankitty,Onyxia Hide Backpack,2024-10-12,0
Helicity,Incandescent Gloves,2024-10-12,0
Bigfricker,Shard of the Scale,2024-10-12,0
Measurezero,Draconian Gloves,2024-10-19,0
Fatesbell,Draconian Gloves,2024-10-19,0
Vsanguinar,Intelligence Findings,2024-10-19,0
Gaab,The Untamed Blade,2024-10-19,0
Blinkzz,Scroll: SEENECS FO RIEF,2024-10-19,0
Gady,Primeval Leggings,2024-10-19,0
Duckyc,Suppression Device Receipt,2024-10-19,0
Ateri,Ancient Boots,2024-10-19,0
Davidfang,Draconian Boots,2024-10-19,0
Graysmane,"Maladath, Runed Blade of the Black Flight",2024-10-19,0
Ateri,Red Dragonscale Protector,2024-10-19,0
Lawyercao,Draconic Avenger,2024-10-19,0
Graysmane,Primeval Leggings,2024-10-19,0
Ashworthh,Drake Fang Talisman,2024-10-19,0
Celestieaw,Firemaw's Clutch,2024-10-19,0
Healingclaw,Master's Hat of the Eagle,2024-10-19,0
Duckyc,Thorium Lockbox,2024-10-19,0
Ashworthh,Hero's Breastplate,2024-10-19,0
Graysmane,Hero's Boots,2024-10-19,0
Fatesbell,Draconian Hood,2024-10-19,0
Duckyc,Ancient Helm,2024-10-19,0
Sylvanes,Drake Talon Cleaver,2024-10-19,0
Celestieaw,Dragon's Touch,2024-10-19,0
Davidfang,Ring of Blackrock,2024-10-19,0
Healingclaw,Chromatic Heart,2024-10-19,0
Sukiyakidon,Draconian Shoulderpads,2024-10-19,0
Blinkzz,Draconian Shoulderpads,2024-10-19,0
Duckyc,"Ashjre'thul, Crossbow of Smiting",2024-10-19,0
Djken,Chromatically Tempered Sword,2024-10-19,0
Kirs,Head of Nefarian,2024-10-19,0
Vsanguinar,Primeval Chest,2024-10-19,0
Hxmms,Pure Elementium Band,2024-10-19,0
Kirs,Archimtiros' Ring of Reckoning,2024-10-19,0
Sukiyakidon,Draconian Robe,2024-10-19,0
Sylvanes,Ancient Chest,2024-10-19,0
Graysmane,Twig of the World Tree,2024-10-19,0
Lawyercao,Dalewind Trousers,2024-10-19,0
Ateri,Adventurer's Shoulders of the Whale,2024-10-19,0
Sylvanes,Adventurer's Bracers of Stamina,2024-10-19,0
Gady,Green Sack of Gems,2024-10-19,0
Blinkzz,Draconian Gloves,2024-10-19,0
Measurezero,Draconian Hood,2024-10-19,0
Djken,Primeval Leggings,2024-10-19,0
Celestieaw,Draconian Hood,2024-10-19,0
Tandy,The Untamed Blade,2024-10-19,0
Ateri,Ancient Leggings,2024-10-19,0
Xzéizéi,Primeval Gloves,2024-10-19,0
Dawuid,Drake Fang Talisman,2024-10-19,0
Bilina,Ancient Leggings,2024-10-19,0
Kirs,Ancient Gloves,2024-10-19,0
Gaab,Doom's Edge,2024-10-19,0
Silverhandy,Gold Hakkari Bijou,2024-10-19,0
Cabret,Silver Hakkari Bijou,2024-10-19,0
Sylvanes,Primal Hakkari Idol,2024-10-19,0
Fatesbell,Primal Hakkari Idol,2024-10-19,0
Xzéizéi,Primal Hakkari Idol,2024-10-19,0
Davidfang,Soul Corrupter's Necklace,2024-10-19,0
Gaab,Heart of Hakkar,2024-10-19,0
Kirs,Ancient Hakkari Manslayer,2024-10-19,0
Graysmane,Pitchfork of Madness,2024-10-19,1
Sukiyakidon,Gri'lek's Grinder,2024-10-19,1
Silverhandy,Libram of Fervor,2024-10-19,0
Kirs,Red Hakkari Bijou,2024-10-19,0
Sukiyakidon,Gold Hakkari Bijou,2024-10-19,0
Sukiyakidon,Gold Hakkari Bijou,2024-10-19,0
Ateri,Primal Hakkari Idol,2024-10-19,0
Silverhandy,Primal Hakkari Shawl,2024-10-19,0
Sylvanes,Blooddrenched Leggings,2024-10-19,0
Silverhandy,Bloodsoaked Gauntlets,2024-10-19,0
Xzéizéi,Gold Hakkari Bijou,2024-10-19,0
Kirs,Overlord's Onyx Band,2024-10-19,0
Fatesbell,Primal Hakkari Stanchion,2024-10-19,1
Xzéizéi,Blooddrenched Mask,2024-10-19,0
Gaab,Orange Hakkari Bijou,2024-10-19,0
Gaab,Red Hakkari Bijou,2024-10-19,0
Silverhandy,Yellow Hakkari Bijou,2024-10-19,0
Helicity,Gold Hakkari Bijou,2024-10-19,0
Davidfang,Blue Hakkari Bijou,2024-10-19,0
Helicity,Cloak of the Hakkari Worshipers,2024-10-19,0
Silverhandy,Primal Hakkari Tabard,2024-10-19,0
Davidfang,Zulian Slicer,2024-10-19,0
Fatesbell,Red Hakkari Bijou,2024-10-19,0
Fatesbell,Blue Hakkari Bijou,2024-10-19,0
Xzéizéi,Bronze Hakkari Bijou,2024-10-19,0
Fatesbell,Orange Hakkari Bijou,2024-10-19,0
Helicity,Purple Hakkari Bijou,2024-10-19,0
Xzéizéi,Wushoolay's Mane,2024-10-19,0
Hxmms,Wushoolay's Poker,2024-10-19,0
Xzéizéi,Yellow Hakkari Bijou,2024-10-19,0
Ateri,Primal Hakkari Idol,2024-10-19,0
Graysmane,Overlord's Crimson Band,2024-10-19,0
Helicity,Zanzil's Seal,2024-10-19,0
Davidfang,Purple Hakkari Bijou,2024-10-19,0
Sylvanes,Silver Hakkari Bijou,2024-10-19,0
Helicity,Shadow Silk,2024-10-19,0
Gaab,Mar'li's Eye,2024-10-19,0
Helicity,Primal Hakkari Sash,2024-10-19,0
Davidfang,Gold Hakkari Bijou,2024-10-19,0
Killfs,Zanzil's Band,2024-10-19,0
Silverhandy,Primal Hakkari Bindings,2024-10-19,0
Mengniuyy,Yellow Hakkari Bijou,2024-10-19,0
Sylvanes,Gloves of the Tormented,2024-10-19,0
Celil,Onyxia Hide Backpack,2024-10-19,0
Mikeylabento,Onyxia Hide Backpack,2024-10-19,0
Albertô,Head of Onyxia,2024-10-19,0
Bobukk,Incandescent Boots,2024-10-19,0
Albertô,Incandescent Robe,2024-10-19,0
Wompyw,Vis'kag the Bloodletter,2024-10-19,0
Sukiyakidon,Crystallized Qiraji Limb,2024-10-19,0
Helicity,Draconian Belt,2024-10-19,0
Whuit,Primeval Belt,2024-10-19,0
Xzéizéi,Wrath of Wray,2024-10-19,0
Xzéizéi,Intelligence Findings,2024-10-26,0
Djken,Primeval Gloves,2024-10-26,0
Purplemane,Draconian Gloves,2024-10-26,0
Davidfang,The Black Book,2024-10-26,0
Gaab,Suppression Device Receipt,2024-10-26,0
Celestieaw,Draconian Boots,2024-10-26,0
Xzéizéi,Primeval Boots,2024-10-26,0
Mengniuss,Draconian Leggings,2024-10-26,0
Healingclaw,Shapeshifter's Sigil,2024-10-26,1
Cursula,Bracers of Arcane Accuracy,2024-10-26,0
Tandy,Ancient Leggings,2024-10-26,0
Duckyc,Drake Fang Talisman,2024-10-26,0
Tandy,Scrolls of Blinding Light,2024-10-26,0
Vsanguinar,Star Ruby,2024-10-26,0
Djken,Mercurial Girdle of the Monkey,2024-10-26,0
Vigossy,Mercurial Legguards of the Bear,2024-10-26,0
Hxmms,Essence Gatherer,2024-10-26,0
Sukiyakidon,Shroud of Pure Thought,2024-10-26,0
Tandy,Ancient Helm,2024-10-26,0
Xzéizéi,Primeval Helm,2024-10-26,0
Purplemane,Band of Forced Concentration,2024-10-26,0
Dawuid,Chromatic Heart,2024-10-26,0
Vigossy,Ancient Shoulderpads,2024-10-26,0
Measurezero,Draconian Shoulderpads,2024-10-26,0
Dawuid,Taut Dragonhide Gloves,2024-10-26,1
Hxmms,Empowered Leggings,2024-10-26,0
Davidfang,Draconian Shoulderpads,2024-10-26,0
Fatesbell,Draconian Robe,2024-10-26,0
Celestieaw,Staff of the Shadow Flame,2024-10-26,0
Lawyercao,Ancient Chest,2024-10-26,0
Vigossy,"Crul'shorukh, Edge of Chaos",2024-10-26,1
Vsanguinar,Masterwork Circlet of Stamina,2024-10-26,1
Dawuid,Masterwork Boots of Agility,2024-10-26,1
Healingclaw,Feathermoon Headdress,2024-10-26,1
Fatesbell,Drakesfire Epaulets,2024-10-26,1
Bilina,Green Sack of Gems,2024-10-26,1
Kirs,Head of Nefarian,2024-10-26,0
Gaab,"Ashkandi, Greatsword of the Brotherhood",2024-10-26,0
Healingclaw,Primeval Bindings,2024-10-26,0
Vsanguinar,Primeval Shoulderpads,2024-10-26,0
Vigossy,Ancient Bindings,2024-10-26,0
Vsanguinar,Primeval Chest,2024-10-26,0
Ateri,Ancient Bindings,2024-10-26,0
Cursula,Draconian Hood,2024-10-26,0
Tandy,"Ashkandi, Greatsword of the Brotherhood",2024-10-26,0
Duckyc,Ancient Gloves,2024-10-26,0
Dawuid,Primeval Bindings,2024-10-26,0
Duckyc,Head of Nefarian,2024-10-26,0
Djken,Dragonfang Blade,2024-10-26,0
Cfp,Wushoolay's Poker,2024-10-26,1
Tandy,Bloodsoaked Legplates,2024-10-26,0
Cfp,Jin'do's Hexxer,2024-10-26,0
Shadowfoe,Bloodscalp Coin,2024-10-26,0
Fateswarrior,Gold Hakkari Bijou,2024-10-26,0
Pandawizard,Blue Hakkari Bijou,2024-10-26,0
Wetryy,Pristine Black Diamond,2024-10-26,0
Mengniuss,Bloodvine,2024-10-26,0
Pandawizard,Fierce Mauler of the Boar,2024-10-26,0
Ooldsix,Silver Hakkari Bijou,2024-10-26,0
Tandy,Primal Hakkari Idol,2024-10-26,0
Wetryy,Primal Hakkari Shawl,2024-10-26,0
Ooldsix,The Hexxer's Cover,2024-10-26,0
Cfp,Animist's Boots,2024-10-26,1
Cfp,Zulian Coin,2024-10-26,1
Helicity,Zulian Coin,2024-10-26,1
Pandawizard,Orange Hakkari Bijou,2024-10-26,1
Jambì,Dragon Finger of the Wolf,2024-10-26,1
Wetryy,Bloodscalp Coin,2024-10-26,1
Fateswarrior,Red Hakkari Bijou,2024-10-26,1
Ooldsix,Skullsplitter Coin,2024-10-26,1
Ashworthh,Sandfury Coin,2024-10-26,1
Ashworthh,Gurubashi Coin,2024-10-26,1
Helicity,Gold Hakkari Bijou,2024-10-26,1
Jambì,Witherbark Coin,2024-10-26,1
Shadowfoe,Orange Hakkari Bijou,2024-10-26,1
Ooldsix,Yellow Hakkari Bijou,2024-10-26,1
Ashworthh,Witherbark Coin,2024-10-26,1
Pandawizard,Vilebranch Coin,2024-10-26,1
Ashworthh,Skullsplitter Coin,2024-10-26,1
Xiongt,Blooddrenched Mask,2024-10-26,0
Tandy,Overlord's Onyx Band,2024-10-26,0
Fateswarrior,Primal Hakkari Girdle,2024-10-26,0
Ashworthh,Orange Hakkari Bijou,2024-10-26,0
Flyingdagger,Silver Hakkari Bijou,2024-10-26,0
Fateswarrior,Shadow Panther Hide Gloves,2024-10-26,0
Helicity,Silver Hakkari Bijou,2024-10-26,0
Jambì,Red Hakkari Bijou,2024-10-26,0
Bossbebe,Bronze Hakkari Bijou,2024-10-26,0
Shadowfoe,Gold Hakkari Bijou,2024-10-26,0
Tandy,Seal of Jin,2024-10-26,0
Shadowfoe,Zulian Scepter of Rites,2024-10-26,1
Cfp,Primal Hakkari Sash,2024-10-26,0
Xiaoxg,Yellow Hakkari Bijou,2024-10-26,0
Ooldsix,Blue Hakkari Bijou,2024-10-26,0
Cfp,Hazza'rah's Dream Thread,2024-10-26,0
Helicity,Hazza'rah's Dream Thread,2024-10-26,0
Ashworthh,Hazza'rah's Dream Thread,2024-10-26,0
Shadowfoe,Thoughtblighter,2024-10-26,1
Jambì,Razzashi Coin,2024-10-26,1
Pandawizard,Silver Hakkari Bijou,2024-10-26,1
Sukiyakidon,Yellow Hakkari Bijou,2024-10-26,1
Bossbebe,Yellow Hakkari Bijou,2024-10-26,1
Cfp,Purple Hakkari Bijou,2024-10-26,1
Cfp,Primal Hakkari Idol,2024-10-26,0
Xiaoxg,Primal Hakkari Bindings,2024-10-26,0
Ashworthh,Primalist's Seal,2024-10-26,0
Bossbebe,Mandokir's Sting,2024-10-26,0
Flyingdagger,Gold Hakkari Bijou,2024-10-26,0
Jambì,Band of Jin,2024-10-26,0
Cfp,Band of Servitude,2024-10-26,0
Wetryy,Green Hakkari Bijou,2024-10-26,0
Xiongt,Silver Hakkari Bijou,2024-10-26,0
Sukiyakidon,Blue Hakkari Bijou,2024-10-26,0
Ooldsix,Zanzil's Band,2024-10-26,0
Wetryy,Blooddrenched Mask,2024-10-26,0
Ooldsix,Primal Hakkari Sash,2024-10-26,0
Ashworthh,Orange Hakkari Bijou,2024-10-26,0
Ashworthh,Red Hakkari Bijou,2024-10-26,0
Xiongt,Seal of the Gurubashi Berserker,2024-10-26,0
Mengniuss,Jeklik's Opaline Talisman,2024-10-26,0
Tepss,Molten Scaled Chest,2024-10-26,0
Pubmaster,Deceit,2024-10-26,0
Drecarys,Sapphiron Drape,2024-10-26,0
Tindremene,Molten Scaled Bindings,2024-10-26,0
Droodinux,Head of Onyxia,2024-10-26,0
Katsunabe,Onyxia Hide Backpack,2024-10-26,0
Lizardguy,Onyxia Hide Backpack,2024-10-26,0
Mindblankin,Maiden's Circle,2024-10-26,0
Katsunabe,Felheart Bracers,2024-10-26,1
Fantame,Crystallized Qiraji Limb,2024-10-26,0
Yahahaa,Drape of the Windlord,2024-10-26,0
Excisionx,Draconian Belt,2024-10-26,0
Katsunabe,Primeval Belt,2024-10-26,0
Vigossy,Suppression Device Receipt,2024-11-02,0
Djken,Primeval Boots,2024-11-02,0
Ateri,Ancient Boots,2024-11-02,0
Gady,"Maladath, Runed Blade of the Black Flight",2024-11-02,0
Killfs,Scroll: SEENECS FO RIEF,2024-11-02,0
Djken,Intelligence Findings,2024-11-02,0
Nanica,Shapeshifter's Sigil,2024-11-02,0
Mengniuss,The Black Book,2024-11-02,0
Jetermesdan,Ancient Gloves,2024-11-02,0
Mengniuss,Draconian Gloves,2024-11-02,0
Ashworthh,Primeval Leggings,2024-11-02,0
Jetermesdan,Draconic Avenger,2024-11-02,1
Vigossy,Ancient Leggings,2024-11-02,0
Jetermesdan,Draconic Maul,2024-11-02,1
Vsanguinar,Claw of the Black Drake,2024-11-02,0
Tandy,Commander's Boots of the Bear,2024-11-02,0
Killfs,Star Ruby,2024-11-02,0
Vsanguinar,High Councillor's Bracers of the Owl,2024-11-02,0
Tandy,Nightshade Leggings of Agility,2024-11-02,0
Djken,Mercurial Legguards of the Bear,2024-11-02,0
Mengniuss,Draconian Hood,2024-11-02,0
Lawyercao,Ancient Helm,2024-11-02,0
Hxmms,Aegis of Preservation,2024-11-02,0
Dawuid,Taut Dragonhide Belt,2024-11-02,1
Dawuid,Draconic Maul,2024-11-02,1
Ashworthh,Chromatic Heart,2024-11-02,0
Fatesbell,Draconian Shoulderpads,2024-11-02,0
Nanica,Primeval Shoulderpads,2024-11-02,0
Cursula,Claw of Chromaggus,2024-11-02,0
Kirs,Elementium Reinforced Bulwark,2024-11-02,0
Xzéizéi,Head of Nefarian,2024-11-02,0
Gady,"Crul'shorukh, Edge of Chaos",2024-11-02,0
Dawuid,Boots of the Shadow Flame,2024-11-02,1
Gady,Primeval Chest,2024-11-02,0
Kirs,Ancient Chest,2024-11-02,0
Vsanguinar,Primeval Shoulderpads,2024-11-02,0
Tandy,Assassination Blade,2024-11-02,0
Gaab,Elven Spirit Claws,2024-11-02,0
Fatesbell,Masterwork Legplates of the Owl,2024-11-02,0
Mengniuss,Green Sack of Gems,2024-11-02,0
Lawyercao,Adventurer's Shoulders of the Whale,2024-11-02,0
Ateri,Plans: Radiant Circlet,2024-11-02,0
Gaab,Ancient Boots,2024-11-02,0
Djken,Primeval Chest,2024-11-02,0
Bilina,Ancient Bindings,2024-11-02,0
Tandy,Ancient Gloves,2024-11-02,0
Xzéizéi,Dragonfang Blade,2024-11-02,0
Celestieaw,Draconian Shoulderpads,2024-11-02,0
Healingclaw,Primeval Gloves,2024-11-02,0
Mengniuss,Neltharion's Tear,2024-11-02,0
Measurezero,Draconian Leggings,2024-11-02,0
Cursula,Draconian Gloves,2024-11-02,0
Healingclaw,Rejuvenating Gem,2024-11-02,0
Davidfang,Flask of Atal'ai Mojo,2024-11-02,0
Mengniumm,Flask of Atal'ai Mojo,2024-11-02,0
Davidfang,Flask of Atal'ai Mojo,2024-11-02,0
Mengniumm,Atal'ai Ritual Token,2024-11-02,0
Beastbuster,Atal'ai Ritual Token,2024-11-02,0
Sukiyakidon,Tenacious Troll Kickers,2024-11-02,0
Dabeastwuid,Bloodied Headspike,2024-11-02,0
Ashworthh,Greathelm of the Nightmare,2024-11-02,0
Ateri,Flask of Atal'ai Mojo,2024-11-02,0
Vsanguinar,Flask of Atal'ai Mojo,2024-11-02,0
Davidfang,Flask of Atal'ai Mojo,2024-11-02,0
Vsanguinar,Flask of Atal'ai Mojo,2024-11-02,0
Ooldsix,Flask of Atal'ai Mojo,2024-11-02,0
Kirs,Myrmidon's Pauldrons,2024-11-02,0
Ateri,Flask of Atal'ai Mojo,2024-11-02,0
Exshadow,Atal'ai Blood Icon,2024-11-02,0
Dawuid,Razzashi Coin,2024-11-02,0
Ashworthh,Hakkari Coin,2024-11-02,0
Vigossy,Orange Hakkari Bijou,2024-11-02,0
Davidfang,Hakkari Coin,2024-11-02,0
Dawuid,Purple Hakkari Bijou,2024-11-02,0
Davidfang,Pristine Black Diamond,2024-11-02,0
Helicity,Skullsplitter Coin,2024-11-02,0
Helicity,Gurubashi Coin,2024-11-02,0
Ashworthh,Bloodvine,2024-11-02,0
Killfs,Green Hakkari Bijou,2024-11-02,0
Mengniuss,Witherbark Coin,2024-11-02,0
Vsanguinar,Aquamarine,2024-11-02,0
Sukiyakidon,Witherbark Coin,2024-11-02,0
Hxmms,Emerald Breastplate of Power,2024-11-02,0
Vigossy,Witherbark Coin,2024-11-02,0
Sukiyakidon,Skullsplitter Coin,2024-11-02,0
Davidfang,Zulian Coin,2024-11-02,0
Xzéizéi,Green Hakkari Bijou,2024-11-02,0
Sukiyakidon,Star Ruby,2024-11-02,0
Exshadow,Bloodscalp Coin,2024-11-02,0
Killfs,Zulian Coin,2024-11-02,0
Helicity,Sandfury Coin,2024-11-02,0
Hxmms,Razzashi Coin,2024-11-02,0
Lawyercao,Primal Hakkari Idol,2024-11-02,0
Exshadow,Primal Hakkari Aegis,2024-11-02,0
Dawuid,Blooddrenched Leggings,2024-11-02,1
Ashworthh,Bloodtinged Gloves,2024-11-02,0
Vsanguinar,Vilebranch Coin,2024-11-02,0
Hxmms,Bloodvine,2024-11-02,0
Hxmms,Blue Hakkari Bijou,2024-11-02,0
Mengniuss,High Councillor's Circlet of Healing,2024-11-02,0
Exshadow,Skullsplitter Coin,2024-11-02,0
Vsanguinar,Razzashi Coin,2024-11-02,0
Killfs,Hakkari Coin,2024-11-02,0
Xzéizéi,Hakkari Coin,2024-11-02,0
Lawyercao,Witherbark Coin,2024-11-02,0
Vsanguinar,Gloves of the Tormented,2024-11-02,0
Vsanguinar,Primal Hakkari Girdle,2024-11-02,0
Vsanguinar,Arlokk's Grasp,2024-11-02,0
Mengniuss,Zulian Coin,2024-11-02,0
Dawuid,Razzashi Coin,2024-11-02,0
Killfs,Hero's Pauldrons,2024-11-02,0
Davidfang,Sandfury Coin,2024-11-02,0
Vsanguinar,Witherbark Coin,2024-11-02,0
Dawuid,Zulian Coin,2024-11-02,0
Killfs,Gold Hakkari Bijou,2024-11-02,0
Hxmms,Bronze Hakkari Bijou,2024-11-02,0
Hxmms,Sandfury Coin,2024-11-02,0
_disenchanted,Zulian Slicer,2024-11-02,0
Davidfang,Zulian Slicer,2024-11-02,0
Lawyercao,Sacrificial Gauntlets,2024-11-02,0
Xzéizéi,Tigule's Harpoon,2024-11-02,0
Exshadow,Hyperion Legplates of the Eagle,2024-11-02,0
Killfs,Master's Cloak of Healing,2024-11-02,0
Hxmms,Skullsplitter Coin,2024-11-02,0
Mengniuss,Hakkari Coin,2024-11-02,0
Sukiyakidon,Sandfury Coin,2024-11-02,0
Dawuid,Mercurial Bracers of the Wolf,2024-11-02,0
Vigossy,Skullsplitter Coin,2024-11-02,0
Xzéizéi,High Councillor's Gloves of Fiery Wrath,2024-11-02,0
Mengniuss,Blue Hakkari Bijou,2024-11-02,0
Killfs,Bloodvine,2024-11-02,0
Helicity,Sandfury Coin,2024-11-02,0
Davidfang,Sandfury Coin,2024-11-02,0
Vigossy,Sandfury Coin,2024-11-02,0
Xzéizéi,Bloodscalp Coin,2024-11-02,0
Sukiyakidon,Gri'lek's Blood,2024-11-02,0
Dawuid,Gri'lek's Blood,2024-11-02,0
Davidfang,Gri'lek's Blood,2024-11-02,0
Dawuid,Zulian Coin,2024-11-02,0
Xzéizéi,Yellow Hakkari Bijou,2024-11-02,0
Helicity,Zulian Coin,2024-11-02,0
Sukiyakidon,Bloodscalp Coin,2024-11-02,0
Sukiyakidon,Witherbark Coin,2024-11-02,0
Exshadow,Sandfury Coin,2024-11-02,0
Helicity,Zanzil's Band,2024-11-02,0
_disenchanted,Zulian Headdress,2024-11-02,0
Xzéizéi,Silver Hakkari Bijou,2024-11-02,0
Vigossy,Silver Hakkari Bijou,2024-11-02,0
Vsanguinar,Vilebranch Coin,2024-11-02,0
Helicity,Primal Hakkari Idol,2024-11-02,0
Dawuid,Overlord's Crimson Band,2024-11-02,1
_disenchanted,Animist's Leggings,2024-11-02,0
_disenchanted,Bloodstained Greaves,2024-11-02,0
Hxmms,Belt of Untapped Power,2024-11-02,1
Ashworthh,Silver Hakkari Bijou,2024-11-02,1
Ashworthh,Red Hakkari Bijou,2024-11-02,1
Helicity,Orange Hakkari Bijou,2024-11-02,1
Lawyercao,Peacekeeper Boots,2024-11-02,0
_disenchanted,Zulian Scepter of Rites,2024-11-02,0
Ashworthh,Zulian Scepter of Rites,2024-11-02,0
Driizzel,Windstriker,2024-11-02,0
Celestieaw,Soul of Thunder,2024-11-02,0
Measurezero,Draconian Belt,2024-11-02,1
Celestieaw,Draconian Belt,2024-11-02,1
